file,label
0001.jpg,0
0002.jpg,0
0003.jpg,2
0004.jpg,0
0005.jpg,0
0006.jpg,1
0007.jpg,6
0008.jpg,0
0009.jpg,0
0010.jpg,0
0011.jpg,0
0012.jpg,0
0013.jpg,0
0014.jpg,7
0015.jpg,7
0016.jpg,1
0017.jpg,0
0018.jpg,0
0019.jpg,6
0020.jpg,0
0021.jpg,2
0022.jpg,4
0023.jpg,7
0024.jpg,4
0025.jpg,5
0026.jpg,6
0027.jpg,2
0028.jpg,5
0029.jpg,6
0030.jpg,6
0031.jpg,3
0032.jpg,6
0033.jpg,5
0034.jpg,0
0035.jpg,3
0036.jpg,8
0037.jpg,5
0038.jpg,9
0039.jpg,2
0040.jpg,8
0041.jpg,9
0042.jpg,1
0043.jpg,7
0044.jpg,3
0045.jpg,1
0046.jpg,4
0047.jpg,7
0048.jpg,3
0049.jpg,8
0050.jpg,1
0051.jpg,3
0052.jpg,4
0053.jpg,7
0054.jpg,9
0055.jpg,3
0056.jpg,6
0057.jpg,5
0058.jpg,8
0059.jpg,6
0060.jpg,8
0061.jpg,2
0062.jpg,1
0063.jpg,7
0064.jpg,8
0065.jpg,0
0066.jpg,5
0067.jpg,6
0068.jpg,3
0069.jpg,6
0070.jpg,4
0071.jpg,9
0072.jpg,7
0073.jpg,9
0074.jpg,1
0075.jpg,5
0076.jpg,3
0077.jpg,6
0078.jpg,6
0079.jpg,8
0080.jpg,3
0081.jpg,1
0082.jpg,4
0083.jpg,3
0084.jpg,9
0085.jpg,8
0086.jpg,5
0087.jpg,2
0088.jpg,4
0089.jpg,6
0090.jpg,4
0091.jpg,7
0092.jpg,1
0093.jpg,5
0094.jpg,2
0095.jpg,1
0096.jpg,5
0097.jpg,8
0098.jpg,5
0099.jpg,8
0100.jpg,3
0101.jpg,1
0102.jpg,2
0103.jpg,4
0104.jpg,5
0105.jpg,1
0106.jpg,2
0107.jpg,8
0108.jpg,3
0109.jpg,8
0110.jpg,3
0111.jpg,5
0112.jpg,4
0113.jpg,2
0114.jpg,9
0115.jpg,5
0116.jpg,0
0117.jpg,8
0118.jpg,6
0119.jpg,0
0120.jpg,8
0121.jpg,5
0122.jpg,2
0123.jpg,4
0124.jpg,5
0125.jpg,8
0126.jpg,3
0127.jpg,2
0128.jpg,0
0129.jpg,8
0130.jpg,6
0131.jpg,9
0132.jpg,2
0133.jpg,8
0134.jpg,4
0135.jpg,5
0136.jpg,8
0137.jpg,0
0138.jpg,6
0139.jpg,2
0140.jpg,4
0141.jpg,9
0142.jpg,4
0143.jpg,5
0144.jpg,5
0145.jpg,2
0146.jpg,7
0147.jpg,8
0148.jpg,4
0149.jpg,9
0150.jpg,3
0151.jpg,2
0152.jpg,4
0153.jpg,7
0154.jpg,5
0155.jpg,9
0156.jpg,3
0157.jpg,1
0158.jpg,8
0159.jpg,1
0160.jpg,3
0161.jpg,6
0162.jpg,9
0163.jpg,1
0164.jpg,2
0165.jpg,8
0166.jpg,2
0167.jpg,7
0168.jpg,9
0169.jpg,9
0170.jpg,5
0171.jpg,9
0172.jpg,8
0173.jpg,3
0174.jpg,9
0175.jpg,8
0176.jpg,5
0177.jpg,1
0178.jpg,4
0179.jpg,2
0180.jpg,7
0181.jpg,0
0182.jpg,5
0183.jpg,8
0184.jpg,6
0185.jpg,3
0186.jpg,9
0187.jpg,6
0188.jpg,1
0189.jpg,3
0190.jpg,7
0191.jpg,4
0192.jpg,7
0193.jpg,1
0194.jpg,9
0195.jpg,8
0196.jpg,3
0197.jpg,6
0198.jpg,5
0199.jpg,6
0200.jpg,4
0201.jpg,1
0202.jpg,3
0203.jpg,8
0204.jpg,5
0205.jpg,4
0206.jpg,6
0207.jpg,0
0208.jpg,4
0209.jpg,6
0210.jpg,1